track_id,bird_group
6868504,Geese
6868536,Waders
6868565,Geese
6868861,Geese
6869275,Geese
6871418,Gulls
6872996,Clutter
6873817,Waders
6874023,Gulls
6875504,Gulls
6875899,Birds of Prey
6877293,Songbirds
6880408,Gulls
6880690,Gulls
6880833,Songbirds
6880956,Gulls
6881733,Birds of Prey
6885154,Gulls
6887294,Gulls
6887586,Songbirds
6887600,Songbirds
6887637,Songbirds
6887702,Songbirds
6888243,Songbirds
6888737,Songbirds
6889024,Songbirds
6890285,Gulls
6890416,Pigeons
6890579,Songbirds
6890917,Birds of Prey
6891091,Songbirds
6891208,Songbirds
6891245,Birds of Prey
6891309,Songbirds
6891366,Songbirds
6891473,Songbirds
6891484,Songbirds
6891531,Birds of Prey
6891557,Songbirds
6891579,Songbirds
6891867,Birds of Prey
6891888,Songbirds
6892297,Songbirds
6892562,Birds of Prey
6892587,Songbirds
6894293,Cormorants
6895609,Songbirds
6895723,Gulls
6895905,Gulls
6895906,Gulls
6895927,Gulls
6895938,Gulls
6895939,Gulls
6895948,Gulls
6895973,Gulls
6895974,Gulls
6896754,Songbirds
6897915,Waders
6897964,Gulls
6899282,Birds of Prey
6899294,Birds of Prey
6899376,Songbirds
6899506,Birds of Prey
6899530,Songbirds
6899560,Songbirds
6899670,Songbirds
6899695,Songbirds
6899730,Songbirds
6899754,Songbirds
6901206,Songbirds
6902131,Birds of Prey
6902271,Gulls
6904326,Songbirds
6908023,Ducks
6908625,Birds of Prey
6909657,Songbirds
6909786,Songbirds
6909952,Songbirds
6910003,Songbirds
6910407,Gulls
6910422,Songbirds
6910425,Songbirds
6910560,Songbirds
6910590,Songbirds
6912744,Gulls
6919118,Songbirds
6920152,Songbirds
6925791,Gulls
6926246,Gulls
6928841,Waders
6928933,Gulls
6937241,Songbirds
6938426,Gulls
6938530,Gulls
6938682,Birds of Prey
6939166,Gulls
6939222,Birds of Prey
6944591,Birds of Prey
6947293,Gulls
6952804,Gulls
6975207,Gulls
6975472,Gulls
6975490,Gulls
6976427,Gulls
10551287,Gulls
10554874,Clutter
10555071,Songbirds
10555459,Waders
10555968,Gulls
10556692,Waders
10557065,Gulls
10557235,Gulls
10557310,Songbirds
10557603,Gulls
10557649,Gulls
10559369,Gulls
10559516,Gulls
10559765,Gulls
10559904,Gulls
10561136,Gulls
10561583,Gulls
10561870,Gulls
10562711,Ducks
10566953,Gulls
10567563,Songbirds
10568512,Birds of Prey
10569249,Gulls
10569900,Geese
10569996,Gulls
10570047,Gulls
10570186,Gulls
10570190,Gulls
10570281,Gulls
10570444,Clutter
10570516,Gulls
10570563,Birds of Prey
10570908,Gulls
10570962,Waders
10571126,Songbirds
10571129,Gulls
10571130,Gulls
10571150,Gulls
10571157,Birds of Prey
10571249,Gulls
10571563,Gulls
10571600,Gulls
10573894,Waders
10574347,Gulls
10574370,Gulls
10574372,Gulls
10574408,Ducks
10574430,Gulls
10574439,Gulls
10574456,Songbirds
10576038,Gulls
10576770,Gulls
10577118,Gulls
10577354,Gulls
10577622,Songbirds
10577723,Gulls
10578130,Clutter
10578295,Gulls
10579132,Gulls
10579372,Gulls
10579452,Gulls
10579754,Gulls
10580098,Birds of Prey
10580150,Gulls
10580642,Gulls
10580740,Gulls
10580745,Gulls
10580771,Waders
10580995,Songbirds
10581310,Gulls
10581368,Ducks
10582173,Gulls
10582418,Clutter
10583009,Gulls
10583434,Songbirds
10583521,Birds of Prey
10584210,Songbirds
10584222,Gulls
10584314,Songbirds
10584430,Birds of Prey
10584519,Songbirds
10584820,Gulls
10585136,Gulls
10586849,Gulls
10587734,Birds of Prey
10587840,Gulls
10588529,Birds of Prey
10588664,Birds of Prey
10588792,Birds of Prey
10589349,Birds of Prey
10589410,Gulls
10589411,Gulls
10589472,Songbirds
10589485,Songbirds
10589763,Gulls
10590733,Gulls
10592587,Clutter
10592944,Gulls
10595034,Gulls
10596119,Gulls
10599481,Birds of Prey
10599552,Gulls
10599609,Birds of Prey
10599643,Gulls
10599718,Gulls
10599755,Gulls
10599776,Gulls
10599823,Gulls
10599926,Gulls
10600363,Gulls
10600655,Clutter
10600700,Gulls
10600716,Gulls
10600717,Gulls
10600746,Songbirds
10602334,Gulls
10602555,Birds of Prey
10602707,Gulls
10602774,Birds of Prey
10602968,Gulls
10603667,Gulls
10603790,Waders
10603793,Songbirds
10603811,Songbirds
10603826,Clutter
10603843,Gulls
10603847,Gulls
10603856,Waders
10603858,Waders
10604136,Gulls
10604299,Gulls
10604888,Geese
10605284,Birds of Prey
10607892,Songbirds
10608352,Birds of Prey
10610526,Gulls
10610534,Clutter
10610659,Gulls
10611077,Gulls
10611150,Gulls
10612960,Ducks
10613432,Ducks
10615359,Gulls
10616063,Gulls
10616067,Gulls
10616344,Gulls
10616646,Ducks
10617233,Birds of Prey
10625331,Gulls
10625616,Birds of Prey
10625848,Songbirds
10629182,Songbirds
10629593,Gulls
10631640,Songbirds
10631716,Gulls
10631762,Gulls
10631811,Gulls
10631837,Gulls
10631847,Birds of Prey
10631868,Gulls
10633681,Songbirds
10634284,Gulls
10634751,Gulls
10634784,Gulls
14964636,Songbirds
14965242,Geese
14965666,Songbirds
14972026,Gulls
14972090,Songbirds
14974044,Gulls
14974586,Songbirds
14975479,Gulls
14976063,Songbirds
14976076,Songbirds
14976116,Ducks
14976137,Songbirds
14976834,Geese
14978764,Songbirds
14981625,Gulls
14981687,Gulls
14981722,Songbirds
14984061,Songbirds
14984105,Gulls
14985917,Songbirds
14985959,Songbirds
14986272,Songbirds
14986784,Songbirds
14988721,Clutter
14988743,Clutter
14988773,Clutter
14991846,Geese
14993381,Gulls
14993467,Gulls
14993499,Gulls
14993756,Gulls
14993805,Clutter
14993862,Gulls
14993915,Gulls
14994055,Gulls
14994074,Gulls
14994471,Gulls
14994472,Gulls
14997775,Birds of Prey
14999004,Gulls
15001560,Gulls
15001613,Ducks
15001738,Ducks
15004811,Songbirds
15008061,Birds of Prey
15008213,Birds of Prey
15008611,Gulls
15019961,Songbirds
15020343,Gulls
15020355,Gulls
15020443,Gulls
15020475,Gulls
15020478,Songbirds
15020616,Songbirds
15020628,Songbirds
15020872,Gulls
15021128,Gulls
15021160,Songbirds
15021257,Songbirds
15021684,Gulls
15021692,Songbirds
15021701,Songbirds
15021774,Songbirds
15021895,Birds of Prey
15022136,Ducks
15022196,Gulls
15022379,Birds of Prey
15022812,Songbirds
15023358,Songbirds
15025120,Gulls
15026359,Songbirds
15026505,Gulls
15027149,Gulls
15027656,Gulls
15029423,Songbirds
15030927,Waders
15030980,Gulls
15031320,Gulls
15031685,Pigeons
15032898,Geese
15032900,Gulls
15032928,Gulls
15033174,Ducks
15033276,Gulls
15033325,Gulls
15034238,Songbirds
15034502,Gulls
15034629,Gulls
15035001,Gulls
15035009,Gulls
15035907,Songbirds
15035992,Gulls
15036249,Gulls
15036548,Gulls
15039526,Gulls
15039570,Gulls
15039573,Gulls
15039604,Gulls
15039605,Gulls
15039606,Gulls
15039607,Gulls
15039619,Gulls
15039670,Gulls
15039706,Gulls
15039727,Gulls
15039753,Gulls
15039779,Gulls
15039847,Gulls
15039953,Gulls
15040005,Gulls
15040385,Gulls
15040821,Gulls
15040857,Gulls
15041986,Gulls
15042110,Gulls
15042130,Gulls
15042158,Gulls
15042268,Gulls
15043753,Gulls
15043834,Gulls
15043839,Gulls
15044458,Songbirds
15044472,Gulls
15044738,Gulls
15045093,Gulls
15045554,Gulls
15045558,Gulls
15045579,Gulls
15045654,Gulls
15045792,Gulls
15045893,Gulls
15046221,Gulls
15046234,Gulls
15046237,Gulls
15046520,Gulls
15049213,Gulls
15049624,Gulls
15049791,Gulls
15049898,Gulls
15050105,Gulls
15050202,Gulls
15050310,Gulls
15050463,Gulls
15050557,Songbirds
15051367,Gulls
15051372,Gulls
15051440,Gulls
15051458,Gulls
15051493,Gulls
15051514,Gulls
15051526,Gulls
15051944,Gulls
15052019,Gulls
15052565,Gulls
15052976,Gulls
15053085,Gulls
15053109,Gulls
15053168,Gulls
15055032,Ducks
15055131,Gulls
15056263,Gulls
15056325,Gulls
15056446,Gulls
15057064,Gulls
15057224,Gulls
15057243,Songbirds
15057248,Gulls
15057289,Gulls
15057296,Gulls
15057304,Gulls
15058303,Gulls
15058305,Gulls
15058429,Songbirds
15058514,Gulls
15058557,Gulls
15058570,Gulls
15058887,Gulls
15058936,Gulls
15058967,Ducks
15059289,Geese
15059736,Gulls
15061215,Gulls
15061312,Gulls
15061627,Gulls
15061644,Gulls
15061776,Gulls
15061830,Gulls
15061848,Gulls
15062228,Gulls
27203641,Gulls
27204020,Gulls
27206412,Gulls
27206656,Gulls
27208230,Clutter
27209390,Songbirds
27209479,Gulls
27211860,Gulls
27212120,Songbirds
27212973,Gulls
27213635,Gulls
27216793,Songbirds
27217890,Birds of Prey
27218299,Gulls
27219055,Gulls
27219363,Gulls
27219923,Gulls
27221361,Gulls
27221885,Gulls
27222482,Songbirds
27222643,Gulls
27222752,Gulls
27223993,Gulls
27224111,Songbirds
27224390,Gulls
27225248,Gulls
27226051,Geese
27226820,Gulls
27227362,Geese
27227417,Songbirds
27227545,Geese
27227747,Songbirds
27227927,Songbirds
27228008,Songbirds
27228350,Gulls
27228394,Geese
27228486,Gulls
27229246,Gulls
27229258,Gulls
27229306,Gulls
27229512,Gulls
27230055,Gulls
27230350,Gulls
27231945,Geese
27233361,Gulls
27234012,Songbirds
27234810,Geese
27235927,Gulls
27235992,Gulls
27236473,Gulls
27236611,Geese
27237922,Gulls
27238108,Gulls
27238172,Gulls
27239286,Songbirds
27241704,Geese
27242056,Cormorants
27242549,Birds of Prey
27244942,Gulls
27245142,Songbirds
27245414,Songbirds
27245486,Gulls
27245645,Gulls
27246508,Gulls
27247366,Birds of Prey
27248085,Gulls
27248316,Songbirds
27248920,Songbirds
27249654,Gulls
27250103,Songbirds
27250484,Songbirds
27254075,Waders
27256605,Gulls
27260821,Gulls
27263673,Birds of Prey
27264838,Gulls
27267285,Gulls
27269056,Songbirds
27269065,Birds of Prey
27270200,Gulls
27270846,Gulls
27271299,Songbirds
27271832,Gulls
27272650,Birds of Prey
27272926,Birds of Prey
27272937,Gulls
27273133,Songbirds
27273193,Gulls
27274096,Gulls
27274147,Songbirds
27274349,Gulls
27274643,Gulls
27275251,Gulls
27275276,Gulls
27276721,Gulls
27277131,Gulls
27277206,Gulls
27277456,Songbirds
27277630,Songbirds
27278335,Songbirds
27278352,Songbirds
27278359,Songbirds
27278399,Gulls
27278418,Songbirds
27279366,Songbirds
27279382,Gulls
27279447,Songbirds
27279469,Songbirds
27279509,Songbirds
27279610,Songbirds
27281508,Gulls
27282434,Songbirds
27282901,Songbirds
27282995,Songbirds
27283125,Gulls
27283358,Songbirds
27283987,Gulls
27284562,Birds of Prey
27285077,Birds of Prey
27285996,Gulls
27286316,Gulls
27286859,Songbirds
27287341,Gulls
27288515,Gulls
27288757,Gulls
27288952,Songbirds
27288975,Songbirds
27288980,Songbirds
27290039,Gulls
27290905,Gulls
27290998,Gulls
27290999,Gulls
27291005,Gulls
27291012,Geese
27291083,Gulls
27291147,Gulls
27291193,Gulls
27291241,Songbirds
27294499,Songbirds
27297944,Gulls
27298029,Gulls
27298207,Birds of Prey
27298831,Gulls
27301086,Ducks
27301588,Geese
27303130,Songbirds
27303243,Songbirds
27304639,Gulls
27310870,Songbirds
27311386,Gulls
27311627,Gulls
27312527,Gulls
27314199,Gulls
27315036,Gulls
27316574,Gulls
27317646,Songbirds
27319072,Waders
27319892,Gulls
27320262,Songbirds
27321197,Birds of Prey
27321202,Songbirds
27321241,Gulls
27321582,Songbirds
27321885,Ducks
27322213,Gulls
27322239,Songbirds
27322774,Gulls
27323256,Songbirds
27323692,Geese
27325257,Geese
27326782,Songbirds
27326804,Songbirds
27326842,Songbirds
27327185,Songbirds
27327671,Gulls
27327877,Ducks
27328781,Birds of Prey
27329054,Songbirds
27329113,Gulls
27329179,Songbirds
27330098,Birds of Prey
27330398,Gulls
27330675,Gulls
27330798,Songbirds
27330903,Gulls
27330971,Gulls
27331136,Gulls
27331288,Gulls
27331368,Gulls
27331597,Songbirds
27331897,Gulls
27331898,Gulls
27331924,Ducks
27331936,Gulls
27332145,Gulls
27332389,Gulls
27332497,Songbirds
27332504,Gulls
27332769,Songbirds
27332988,Songbirds
27333044,Waders
27333961,Gulls
27334642,Gulls
27335022,Geese
27335499,Gulls
27335500,Gulls
27335920,Gulls
27335937,Gulls
27335972,Gulls
27335985,Gulls
27336264,Gulls
27336301,Geese
27336331,Waders
27336345,Songbirds
27336370,Songbirds
27336506,Gulls
27336625,Gulls
27336709,Gulls
27336822,Geese
27336898,Birds of Prey
27337000,Geese
27337095,Gulls
27337441,Gulls
27338015,Clutter
27338261,Gulls
27338374,Birds of Prey
27338487,Gulls
27338573,Gulls
27338627,Gulls
27338828,Birds of Prey
27338955,Gulls
27339257,Birds of Prey
27339480,Gulls
27339989,Birds of Prey
27340997,Gulls
27341248,Songbirds
27341296,Gulls
27341878,Geese
27342302,Gulls
27342483,Birds of Prey
27342678,Gulls
27342880,Gulls
27342921,Songbirds
27343006,Gulls
27343023,Gulls
27343037,Gulls
27343163,Gulls
27343271,Gulls
27343273,Gulls
27343350,Gulls
27343416,Gulls
27343473,Birds of Prey
27343813,Gulls
27344088,Gulls
27344466,Gulls
27344470,Gulls
27344606,Gulls
27344607,Gulls
27344727,Gulls
27344831,Gulls
27344892,Gulls
27344953,Gulls
27345000,Gulls
27345126,Songbirds
27345197,Gulls
27345260,Gulls
27345358,Gulls
27345381,Gulls
27345424,Gulls
27345483,Gulls
27345484,Gulls
27345491,Gulls
27345640,Gulls
27345805,Gulls
27345892,Gulls
27345998,Gulls
27346019,Gulls
27346052,Gulls
27346053,Gulls
27346187,Gulls
27346254,Gulls
27346306,Gulls
27346333,Gulls
27346722,Gulls
27346845,Gulls
27346846,Birds of Prey
27346966,Songbirds
27346970,Gulls
27347343,Pigeons
27347412,Gulls
27347654,Songbirds
27347921,Songbirds
27347964,Gulls
27347976,Songbirds
27348006,Gulls
27348356,Songbirds
27348373,Gulls
27348398,Gulls
27348459,Gulls
27348597,Gulls
27348656,Gulls
27348664,Gulls
27348803,Gulls
27349041,Gulls
27349119,Gulls
27349303,Gulls
27349693,Songbirds
27349793,Songbirds
27350040,Gulls
27350057,Gulls
27350203,Songbirds
27350557,Gulls
27350594,Gulls
27350743,Geese
27350755,Gulls
27350758,Songbirds
27350768,Songbirds
27350787,Songbirds
27350810,Songbirds
27350838,Songbirds
27350847,Geese
27350855,Gulls
27350865,Gulls
27350872,Songbirds
27350878,Gulls
27350891,Geese
27350928,Geese
27350986,Songbirds
27350987,Geese
27350993,Songbirds
27350996,Songbirds
27351001,Gulls
27351003,Songbirds
27351032,Songbirds
27351086,Gulls
27351124,Songbirds
27351169,Songbirds
27351230,Songbirds
27351231,Gulls
27351249,Gulls
27351764,Gulls
27351811,Songbirds
27351828,Gulls
27352074,Songbirds
27352253,Gulls
27352389,Gulls
27352590,Gulls
27352645,Gulls
27352657,Gulls
27352709,Gulls
27352883,Gulls
27352929,Songbirds
27353024,Gulls
27353174,Gulls
27353325,Gulls
27353511,Gulls
27353521,Gulls
27353696,Gulls
27353737,Gulls
27354125,Gulls
27354711,Gulls
27355082,Songbirds
27355166,Songbirds
27355185,Gulls
27355495,Gulls
27355503,Gulls
27355642,Songbirds
27355644,Gulls
27355774,Songbirds
27355776,Songbirds
27355820,Songbirds
27355950,Songbirds
27356033,Gulls
27357496,Gulls
27357719,Songbirds
27358020,Gulls
27358802,Songbirds
27359760,Gulls
27360515,Gulls
27360764,Gulls
27361157,Songbirds
27361357,Gulls
27361482,Gulls
27361590,Songbirds
27361810,Gulls
27361941,Songbirds
27362201,Gulls
27362875,Gulls
27362965,Songbirds
27363017,Gulls
27363023,Gulls
27363377,Gulls
27363492,Gulls
27363680,Gulls
27363791,Birds of Prey
27363835,Gulls
27363903,Gulls
27363991,Gulls
27364347,Gulls
27364537,Gulls
27364819,Gulls
27365033,Geese
27365250,Gulls
27365552,Gulls
27366111,Birds of Prey
27366386,Songbirds
27366507,Gulls
27366966,Gulls
27367127,Gulls
27367178,Gulls
27367188,Gulls
27367228,Gulls
27367284,Songbirds
27367352,Gulls
27367406,Gulls
27367412,Songbirds
27367429,Gulls
27367566,Songbirds
27367614,Gulls
27367674,Gulls
27367750,Gulls
27368203,Gulls
27368824,Gulls
27368825,Gulls
27368872,Gulls
27368884,Gulls
27369018,Gulls
27369072,Gulls
27369084,Gulls
27369294,Gulls
27369367,Songbirds
27369384,Gulls
27369473,Gulls
27369484,Gulls
27369510,Gulls
27369542,Gulls
27369740,Gulls
27369907,Songbirds
27369950,Gulls
27370005,Gulls
27370052,Gulls
27370070,Gulls
27370308,Gulls
27370697,Gulls
27370787,Birds of Prey
27370965,Gulls
27371182,Gulls
27371273,Gulls
27371457,Gulls
27371771,Gulls
27371882,Gulls
27372009,Songbirds
27372036,Gulls
27372357,Gulls
27372387,Gulls
27372467,Songbirds
27372709,Gulls
27372849,Gulls
27372878,Gulls
27372953,Gulls
27372963,Gulls
27373251,Gulls
27373586,Gulls
27374362,Gulls
27374805,Songbirds
27375784,Gulls
27376400,Songbirds
27376981,Songbirds
27377219,Gulls
27377360,Gulls
27377477,Gulls
27377812,Gulls
27377895,Birds of Prey
27377938,Gulls
27377964,Songbirds
27378135,Gulls
27378200,Geese
27378316,Gulls
27378420,Songbirds
27378502,Geese
27378503,Gulls
27378642,Gulls
27378789,Gulls
27378854,Gulls
27378974,Gulls
27379077,Gulls
27379228,Gulls
27379256,Geese
27379305,Gulls
27379676,Songbirds
27380172,Geese
27380754,Gulls
27381012,Songbirds
27381985,Birds of Prey
27382085,Gulls
27382536,Gulls
27382956,Gulls
27382957,Birds of Prey
27383026,Songbirds
27383801,Gulls
27383815,Songbirds
27383952,Gulls
27384062,Gulls
27384064,Songbirds
27384208,Gulls
27385310,Geese
27385431,Gulls
27386834,Gulls
27386871,Gulls
27386953,Gulls
27387156,Songbirds
27387223,Gulls
27387235,Gulls
27387356,Gulls
27387432,Gulls
27387490,Gulls
27387609,Gulls
27387894,Songbirds
27388061,Gulls
27388363,Songbirds
27388419,Gulls
27388672,Gulls
27388700,Gulls
27388816,Gulls
27388912,Gulls
27388975,Gulls
27389262,Gulls
27389386,Songbirds
27389936,Gulls
27390071,Gulls
27390223,Gulls
27390271,Gulls
27390291,Gulls
27390319,Gulls
27390709,Gulls
27390827,Gulls
27390828,Songbirds
27390876,Songbirds
27390943,Gulls
27391118,Songbirds
27392023,Gulls
27392399,Geese
27392410,Waders
27392878,Geese
27790720,Ducks
27790957,Gulls
27791208,Gulls
27791358,Songbirds
27792402,Songbirds
27793377,Gulls
27793451,Gulls
27793481,Gulls
27793513,Gulls
27794044,Songbirds
27794964,Songbirds
27795733,Gulls
27795764,Gulls
27795783,Gulls
27796951,Songbirds
27798374,Gulls
27799672,Songbirds
27801031,Gulls
27801204,Gulls
27801229,Gulls
27801344,Gulls
27801359,Gulls
27801598,Gulls
27801619,Gulls
27801782,Waders
27801901,Gulls
27802189,Songbirds
27802195,Geese
27802286,Gulls
27802800,Gulls
27803111,Gulls
27803670,Gulls
27803730,Songbirds
27803742,Songbirds
27803824,Songbirds
27804016,Songbirds
27804050,Birds of Prey
27804383,Songbirds
27804571,Waders
27804578,Waders
27804632,Waders
27805015,Songbirds
27805077,Waders
27805095,Songbirds
27805289,Songbirds
27805344,Songbirds
27805716,Waders
27805813,Gulls
27805896,Songbirds
27806005,Songbirds
27806354,Songbirds
27806823,Songbirds
27806957,Songbirds
27807052,Songbirds
27807477,Songbirds
27807746,Songbirds
27808162,Gulls
27808218,Songbirds
27808482,Songbirds
27808995,Songbirds
27809307,Gulls
27809673,Gulls
27809679,Songbirds
27809686,Songbirds
27809745,Gulls
27809793,Gulls
27809825,Gulls
27809826,Gulls
27809828,Gulls
27809852,Songbirds
27809863,Songbirds
27809882,Gulls
27809928,Songbirds
27810395,Songbirds
27810399,Gulls
27810450,Songbirds
27810666,Songbirds
27812409,Songbirds
27813952,Songbirds
27814181,Geese
27814312,Songbirds
27815210,Gulls
27815778,Gulls
27816871,Gulls
27817050,Gulls
27817111,Songbirds
27817127,Gulls
27817260,Gulls
27817270,Gulls
27817284,Songbirds
27817320,Gulls
27818613,Gulls
27819839,Geese
27819914,Songbirds
27820106,Gulls
27820127,Songbirds
27820590,Gulls
27820593,Songbirds
27820643,Gulls
27820696,Gulls
27820697,Gulls
27820711,Songbirds
27820719,Gulls
27820782,Gulls
27821053,Gulls
27821289,Songbirds
27821297,Songbirds
27821964,Gulls
27821981,Gulls
27822072,Gulls
27822175,Gulls
27822258,Gulls
27822577,Gulls
27822666,Gulls
27822761,Songbirds
27823521,Songbirds
27823796,Gulls
27823891,Waders
27823940,Geese
27824296,Songbirds
27824965,Gulls
27824973,Gulls
27825620,Gulls
27826018,Gulls
27826098,Gulls
27826235,Songbirds
27826276,Songbirds
27826338,Gulls
27826531,Songbirds
27826578,Gulls
27826709,Gulls
27827567,Gulls
27827960,Songbirds
27827965,Songbirds
27828047,Songbirds
27828372,Gulls
27828436,Gulls
27828585,Gulls
27828863,Gulls
27828994,Gulls
27829036,Gulls
27829544,Songbirds
27829566,Songbirds
27829568,Songbirds
27829613,Songbirds
27829640,Gulls
27829781,Songbirds
27831184,Songbirds
27832153,Ducks
27832334,Gulls
27832702,Gulls
27832750,Gulls
27832752,Gulls
27832846,Gulls
27833884,Gulls
27836060,Songbirds
27837142,Songbirds
27837413,Gulls
27837630,Gulls
27837708,Songbirds
27837830,Songbirds
27837913,Geese
27838486,Gulls
27838542,Songbirds
27838565,Songbirds
27839108,Gulls
27839246,Gulls
27839328,Gulls
27839364,Songbirds
27839649,Gulls
27841731,Songbirds
27842419,Gulls
27842521,Gulls
27843188,Birds of Prey
27843587,Gulls
27843967,Songbirds
27844389,Songbirds
27844658,Gulls
27844773,Gulls
27844928,Songbirds
27844971,Songbirds
27845007,Songbirds
27846556,Gulls
27846603,Gulls
27846986,Songbirds
27846987,Songbirds
27847155,Songbirds
27847200,Songbirds
27847244,Geese
27847265,Songbirds
27847278,Songbirds
27848545,Gulls
27848657,Geese
27848835,Gulls
27849022,Gulls
27849428,Gulls
27850759,Songbirds
27850966,Gulls
27851107,Songbirds
27852983,Gulls
27853420,Songbirds
27853492,Songbirds
27853502,Songbirds
27853513,Songbirds
27853610,Songbirds
27853619,Gulls
27853692,Songbirds
27853755,Songbirds
27853819,Songbirds
27853891,Songbirds
27854684,Songbirds
27854761,Songbirds
27856185,Gulls
27856524,Gulls
27858079,Songbirds
27859622,Songbirds
27859654,Songbirds
27860519,Gulls
27860948,Gulls
27861529,Gulls
27861854,Gulls
27862367,Cormorants
27863325,Gulls
27863342,Gulls
27863364,Gulls
27863492,Gulls
27863524,Gulls
27864385,Gulls
27866858,Ducks
27867009,Gulls
27867295,Waders
27867320,Waders
27868671,Gulls
27869124,Waders
27871353,Gulls
27872065,Gulls
27872090,Gulls
27872346,Geese
27872375,Songbirds
27873105,Birds of Prey
27873254,Gulls
27875292,Songbirds
27875536,Gulls
27875573,Songbirds
27875678,Gulls
27876547,Gulls
27876652,Gulls
27877075,Gulls
27877878,Gulls
27878191,Waders
27878419,Songbirds
27879446,Gulls
27880308,Songbirds
27880313,Songbirds
27880477,Songbirds
27882180,Birds of Prey
27882747,Waders
27887188,Gulls
27890575,Geese
504327934,Waders
504328716,Songbirds
504329271,Songbirds
504329427,Ducks
504329461,Songbirds
504329836,Gulls
504330927,Geese
504333251,Songbirds
504333643,Songbirds
504334005,Geese
504334043,Songbirds
504336051,Gulls
504336563,Songbirds
504336564,Songbirds
504336738,Songbirds
504336762,Songbirds
504336812,Geese
504336868,Geese
504336915,Geese
504336920,Geese
504337993,Songbirds
504338000,Gulls
504338862,Gulls
504339844,Gulls
504340924,Geese
504341625,Gulls
504342171,Waders
504343999,Gulls
504345544,Gulls
504345636,Geese
504345932,Geese
504346223,Songbirds
504346364,Songbirds
504346647,Songbirds
504347099,Geese
504347180,Songbirds
504347225,Geese
504347329,Geese
504347783,Geese
504349952,Songbirds
504350366,Songbirds
504351424,Gulls
504351466,Gulls
504351469,Gulls
504351474,Songbirds
504351507,Gulls
504351699,Gulls
504351768,Songbirds
504352727,Songbirds
504353018,Songbirds
504353426,Ducks
504354365,Gulls
504355126,Geese
504357330,Gulls
504357667,Gulls
504357830,Geese
504360233,Geese
504362035,Cormorants
504365115,Geese
504366525,Gulls
504368253,Songbirds
504368381,Gulls
504371163,Gulls
504376962,Songbirds
504380857,Songbirds
504381584,Songbirds
504381589,Gulls
504381831,Songbirds
504382069,Songbirds
504384590,Songbirds
504385383,Gulls
504387218,Gulls
504387287,Gulls
504388681,Gulls
504388798,Gulls
504389816,Cormorants
504390492,Gulls
504390493,Gulls
504390545,Songbirds
504391576,Gulls
504392332,Gulls
504395066,Geese
504395322,Geese
504395895,Gulls
504397336,Ducks
504397863,Gulls
504400079,Geese
504401003,Gulls
504401036,Gulls
504401676,Gulls
504402555,Gulls
504408291,Gulls
504408409,Gulls
504408471,Gulls
504408632,Gulls
504408669,Gulls
504408824,Gulls
504408952,Gulls
504409199,Gulls
504412460,Gulls
504413297,Gulls
504413469,Songbirds
504413580,Gulls
504414977,Gulls
504416303,Songbirds
504416469,Gulls
504420292,Gulls
504421020,Gulls
504423211,Songbirds
504423619,Songbirds
504423775,Gulls
504424204,Songbirds
504424299,Songbirds
504426029,Gulls
504426195,Ducks
504426301,Ducks
504427057,Geese
504427389,Geese
504427939,Geese
504428006,Gulls
504428022,Geese
504428239,Geese
504428249,Gulls
504428395,Geese
504428424,Geese
504428819,Gulls
504429299,Gulls
504429339,Gulls
504429343,Gulls
504430437,Songbirds
504431398,Gulls
504431611,Gulls
504433659,Geese
533174543,Gulls
533174547,Clutter
533175655,Songbirds
533175850,Gulls
533177196,Songbirds
533177275,Songbirds
533177327,Songbirds
533178326,Geese
533178451,Clutter
533178511,Clutter
533178855,Geese
533179869,Geese
533180924,Clutter
533180990,Geese
533182136,Gulls
533182633,Geese
533184860,Gulls
533184862,Gulls
533185108,Birds of Prey
533185721,Gulls
533185873,Waders
533186174,Songbirds
533189525,Ducks
533189863,Ducks
533191217,Songbirds
533191451,Birds of Prey
533193707,Gulls
533194041,Gulls
533194885,Gulls
533195438,Songbirds
533195444,Songbirds
533195449,Songbirds
533195473,Gulls
533195485,Songbirds
533198040,Gulls
533200264,Songbirds
533201480,Gulls
533201498,Songbirds
533201854,Geese
533201920,Gulls
533202120,Gulls
533202555,Gulls
533203002,Gulls
533203019,Ducks
533203438,Ducks
533205437,Gulls
533205770,Gulls
533207497,Gulls
533209071,Birds of Prey
533213890,Geese
533216743,Gulls
533216785,Gulls
533218853,Waders
533219145,Waders
533219629,Waders
533221725,Songbirds
533222260,Birds of Prey
533222765,Geese
533223218,Geese
533223882,Waders
533226274,Ducks
533228737,Birds of Prey
533229360,Waders
533229362,Waders
533229379,Songbirds
533229787,Waders
533230002,Gulls
533231729,Gulls
533237211,Birds of Prey
533237330,Gulls
533237348,Gulls
533237744,Gulls
533238082,Gulls
533239437,Ducks
533240180,Gulls
533241288,Gulls
533244189,Gulls
533250633,Birds of Prey
533253042,Gulls
533253303,Geese
533253452,Songbirds
533253763,Gulls
533254077,Birds of Prey
533254248,Gulls
533254312,Gulls
533255422,Waders
533255667,Gulls
533256459,Gulls
533256851,Clutter
533256903,Waders
533257018,Birds of Prey
533258669,Geese
533259172,Birds of Prey
533259912,Gulls
533260880,Songbirds
533261570,Geese
533261614,Waders
533261629,Waders
533261746,Waders
533261929,Birds of Prey
533263406,Songbirds
533263420,Waders
533263423,Gulls
533263480,Songbirds
533263558,Geese
533264115,Songbirds
533264152,Gulls
533264250,Songbirds
533265339,Gulls
533266269,Gulls
533267244,Birds of Prey
533268969,Songbirds
533270675,Gulls
533270790,Waders
533272000,Gulls
533272060,Gulls
533272113,Gulls
533272261,Gulls
533272274,Gulls
533272328,Songbirds
533272940,Waders
533273103,Waders
533274934,Gulls
533275430,Gulls
533275817,Gulls
533276098,Gulls
533277381,Gulls
533277492,Gulls
533277542,Gulls
533277609,Gulls
533277621,Gulls
533278764,Songbirds
533278814,Gulls
533280122,Gulls
533280233,Gulls
533280441,Gulls
533280749,Gulls
533280981,Gulls
533281468,Gulls
533281489,Pigeons
533281642,Birds of Prey
533281773,Gulls
533281941,Gulls
533282091,Gulls
533282290,Songbirds
533282297,Gulls
533282531,Gulls
533284501,Gulls
533284750,Gulls
533284961,Birds of Prey
533285180,Gulls
533286573,Gulls
533287602,Gulls
533288236,Birds of Prey
533288718,Gulls
533288743,Songbirds
533289020,Birds of Prey
533290582,Gulls
533290584,Gulls
533290817,Gulls
533291917,Geese
533292328,Gulls
533293510,Gulls
533293853,Geese
533293874,Waders
533293970,Waders
533294166,Gulls
533294201,Gulls
533294214,Gulls
533294269,Gulls
533294280,Gulls
533295339,Gulls
533295429,Gulls
533296483,Gulls
533297801,Gulls
533297907,Geese
589557727,Gulls
589561745,Songbirds
589566223,Birds of Prey
589569117,Gulls
589569950,Gulls
589570061,Gulls
589570487,Gulls
589570489,Gulls
589571551,Gulls
589572579,Ducks
589572580,Gulls
589573474,Gulls
589573874,Gulls
589574988,Waders
589575044,Waders
589575060,Geese
589575078,Geese
589575286,Gulls
589577054,Gulls
589578162,Gulls
589578861,Gulls
589579781,Gulls
589580528,Gulls
589580564,Gulls
589582540,Gulls
589583482,Gulls
589584716,Gulls
589585690,Gulls
589586337,Gulls
589587263,Gulls
589588472,Gulls
589589960,Gulls
589590560,Gulls
589592645,Songbirds
589595488,Waders
589595509,Waders
589602405,Gulls
589602766,Birds of Prey
589603220,Gulls
589603540,Gulls
589604163,Gulls
589605780,Gulls
589605823,Waders
589606661,Gulls
589608416,Songbirds
589611604,Songbirds
589613063,Gulls
589613683,Gulls
589617107,Songbirds
589618208,Gulls
589620671,Waders
589620870,Gulls
589620994,Gulls
589621600,Gulls
589621801,Gulls
589621949,Gulls
589622522,Gulls
589626768,Gulls
589626847,Gulls
589628335,Gulls
589628489,Birds of Prey
589628550,Waders
589628608,Gulls
589628986,Birds of Prey
589630160,Gulls
589633556,Gulls
589634160,Gulls
589635357,Gulls
589637307,Gulls
589638826,Waders
589639462,Gulls
589639744,Gulls
589641076,Gulls
589642050,Gulls
589642482,Gulls
589643196,Birds of Prey
589644881,Gulls
589645040,Gulls
589645063,Clutter
589645210,Birds of Prey
589645235,Gulls
589645264,Gulls
589645363,Gulls
589645466,Clutter
589646466,Clutter
589646632,Clutter
589646688,Clutter
589646797,Clutter
589646862,Clutter
589648314,Gulls
589649551,Clutter
589649953,Gulls
589650138,Songbirds
589650780,Birds of Prey
589652247,Songbirds
589654014,Waders
589654034,Waders
589654154,Clutter
589654176,Clutter
589654183,Waders
589654280,Gulls
589654379,Gulls
589654778,Gulls
589654997,Songbirds
589655191,Gulls
589655314,Gulls
589655401,Gulls
589655420,Gulls
589655704,Gulls
589655845,Clutter
589655876,Gulls
589655913,Clutter
589656289,Clutter
589656347,Clutter
589656594,Clutter
589656969,Songbirds
589656997,Gulls
589657024,Gulls
589657428,Gulls
589658507,Gulls
589658589,Gulls
589658819,Gulls
589659155,Gulls
589659326,Clutter
589659508,Clutter
589660168,Gulls
589660415,Clutter
589660452,Songbirds
589660696,Clutter
589660762,Gulls
589661376,Waders
589662414,Songbirds
589662481,Songbirds
589662575,Songbirds
589662718,Gulls
589662935,Clutter
589664264,Gulls
589664422,Gulls
589664612,Clutter
589664785,Clutter
589665151,Gulls
589665712,Gulls
589665871,Gulls
589665881,Gulls
589665931,Gulls
589666035,Gulls
589666037,Gulls
589666050,Gulls
589667016,Gulls
589667061,Gulls
589667121,Gulls
589667280,Waders
589668178,Waders
589669967,Gulls
589670413,Gulls
589670559,Gulls
589671370,Gulls
589672410,Waders
589672725,Gulls
589673081,Clutter
589673223,Clutter
589673447,Clutter
589673567,Clutter
589673733,Clutter
589674007,Birds of Prey
589675810,Gulls
589676011,Geese
589676630,Songbirds
589676857,Songbirds
589676979,Songbirds
589679195,Clutter
589679886,Songbirds
589679904,Songbirds
589680591,Songbirds
589681462,Songbirds
589682555,Waders
589682867,Gulls
589684413,Gulls
589684827,Gulls
589684864,Gulls
589685081,Clutter
589685100,Clutter
589685160,Clutter
589688360,Ducks
589688604,Songbirds
589688616,Songbirds
589688722,Birds of Prey
589688801,Songbirds
589689732,Gulls
589689931,Gulls
589690006,Gulls
589690188,Gulls
589690306,Gulls
589690787,Waders
589693943,Gulls
589694191,Songbirds
589694200,Songbirds
589694392,Clutter
589696112,Waders
589696361,Gulls
589696723,Ducks
589697175,Songbirds
589697302,Gulls
589697529,Cormorants
589697812,Waders
589697922,Gulls
589700941,Gulls
589701301,Gulls
589701406,Waders
589701442,Gulls
589704957,Ducks
589705018,Waders
589705042,Songbirds
589705510,Gulls
589705898,Waders
589706024,Gulls
589706264,Gulls
589706502,Gulls
589706644,Gulls
589706707,Gulls
589707916,Clutter
589708408,Gulls
589708651,Gulls
589708749,Gulls
589709256,Ducks
589709407,Waders
589709560,Songbirds
589709628,Birds of Prey
589711120,Songbirds
589711142,Songbirds
589711313,Birds of Prey
589711439,Songbirds
589711493,Songbirds
589711515,Songbirds
589711963,Gulls
589712145,Songbirds
589712387,Songbirds
589712456,Songbirds
589712514,Songbirds
589714985,Gulls
589715234,Gulls
589715303,Gulls
589715632,Gulls
589717387,Songbirds
589717441,Songbirds
589717612,Songbirds
589717921,Waders
589719256,Gulls
589719299,Gulls
589719695,Clutter
589719855,Clutter
589719875,Clutter
589720121,Waders
589720220,Gulls
589720232,Clutter
589720263,Gulls
589720415,Clutter
589720507,Clutter
589720532,Clutter
589720592,Clutter
589720619,Clutter
589721255,Gulls
589722187,Gulls
589722624,Songbirds
589722707,Songbirds
589724520,Gulls
589725904,Gulls
589726148,Gulls
589726215,Gulls
589726486,Clutter
589726620,Clutter
589726946,Gulls
589728262,Gulls
589728314,Songbirds
589728978,Gulls
589729079,Gulls
589729207,Gulls
589729216,Gulls
589729255,Waders
589729267,Gulls
589729478,Gulls
589729588,Waders
589729893,Birds of Prey
589730251,Clutter
589730431,Birds of Prey
589730593,Birds of Prey
589731302,Waders
589732668,Birds of Prey
589733071,Gulls
589733106,Gulls
589733262,Songbirds
589733357,Waders
589733365,Gulls
589733384,Gulls
589733455,Waders
589733506,Waders
589733753,Gulls
589733914,Gulls
589734589,Gulls
589734601,Gulls
589735157,Gulls
589735318,Gulls
589735967,Gulls
